expertise_group,player_index,within_group_index,sensitivity_mode,target_name,block_index,xa,ya,xb,yb,n_fixation,fallback
professional,0,0,habitual,ssw,0,0.9097352037152469,0.8976131172251672,-0.0017025503979964537,0.012267373310322755,22,0
professional,0,0,habitual,ssw,1,0.932284925253841,0.9262525305472912,0.0018470108151075401,0.00793183983030787,24,0
professional,0,0,habitual,fsw,0,0.947922593459878,0.8737989295688683,-0.0035325197047009816,0.017717871750779858,29,0
professional,0,0,habitual,fsw,1,0.9179921198005607,0.8879249737147616,0.005630349423419147,0.01568366994563336,25,0
professional,0,0,habitual,slw,0,0.9306115069154838,0.926746203490875,-0.0007548320924376764,0.01548178706713759,25,0
professional,0,0,habitual,slw,1,0.9303938294885663,0.9109295163047494,2.8446276703440222e-05,0.019756080713956632,29,0
professional,0,0,habitual,flw,0,0.9307184769400292,0.8402553410746687,0.0025274331811597985,0.007816418297371792,26,0
professional,0,0,habitual,flw,1,0.9168383297086113,0.9505329749996378,0.0010101893577953635,0.014473560462755474,29,0
professional,0,0,habitual,svsw,0,0.9160941309439911,0.8423370787450823,0.0011390395253483825,0.014672597008044788,25,0
professional,0,0,habitual,svsw,1,0.9026753509687393,0.9148702141493954,-0.0037785288446490397,0.01750237329321778,21,0
professional,0,0,habitual,ssg,0,0.9631086467966323,0.8427858994564867,0.002779686081933592,0.013663201915707874,29,0
professional,0,0,habitual,ssg,1,0.9692757073309385,0.8192041317060769,0.0008920106204719364,0.011872857002076331,29,0
professional,0,0,habitual,fsg,0,0.9473067675875491,0.8738906831960636,-0.004052430949644654,0.011230173301077163,29,0
professional,0,0,habitual,fsg,1,0.9139741211338303,0.8393390359513005,-0.0017312463201365836,0.01711866886439766,28,0
professional,0,0,habitual,slg,0,0.9134224707507261,0.9134667595772175,-0.0023614577290708826,0.01802488877200816,25,0
professional,0,0,habitual,slg,1,0.9448668175555792,0.7948346492556675,-0.00043772608624372857,0.016290488842764725,26,0
professional,0,0,habitual,flg,0,0.9201062797373238,0.851199321506469,0.003284126697290615,0.014620996438730821,26,0
professional,0,0,habitual,flg,1,0.9294287710776279,0.8830084318559611,-0.00034817693638615173,0.01635729686674353,26,0
professional,0,0,default,ssw,0,0.9183679265153396,0.8993864712933924,-0.0028314409895281666,0.02702854752411646,21,0
professional,0,0,default,ssw,1,0.9478157614886683,1.0025481718506497,0.0049502004412784704,0.022692528489144485,26,0
professional,0,0,default,fsw,0,0.9434035717331041,0.9613771985080103,0.004763919687291234,0.019760532076160336,29,0
professional,0,0,default,fsw,1,0.936188402607459,0.8901205905923498,-0.006633367794027628,0.006307983655175256,29,0
professional,0,0,default,slw,0,0.940606268172192,0.9526421781581711,-0.0035072792782206833,0.015762768060149483,26,0
professional,0,0,default,slw,1,0.9338207451150474,0.8780964964092919,-0.0026898207703975625,0.010770955448092876,16,0
professional,0,0,default,flw,0,0.925901403848356,0.9880612726133751,-0.0030962008312404622,0.018398960169248323,21,0
professional,0,0,default,flw,1,0.9507489966450041,0.9073541698992905,-0.0025108059548908817,0.01989436293039729,29,0
professional,0,0,default,svsw,0,0.9316060904230377,0.8592456162658134,-0.0027677552877939525,-0.0009743848600576605,29,0
professional,0,0,default,svsw,1,0.9661500701334904,0.9039279760474442,0.0008335651878883694,0.01508156257064202,26,0
professional,0,0,default,ssg,0,0.9420791234833763,0.8430429595627073,0.00025344176481601746,0.02164972452042078,26,0
professional,0,0,default,ssg,1,0.9381155687974139,0.9017329122677021,0.003786075207916955,0.03980409748854164,14,0
professional,0,0,default,fsg,0,0.9221383275894328,0.948302699872889,0.001841841759401156,0.01766513020464697,29,0
professional,0,0,default,fsg,1,0.9437940108835964,0.9157577517833317,-0.0031830515924223647,0.02481337121827739,26,0
professional,0,0,default,slg,0,0.9213503736808744,0.8668071617885381,-0.007132468265864829,0.015767020114581778,19,0
professional,0,0,default,slg,1,0.934234270015412,0.8729737572382972,-0.0065030099869901395,0.01030375230812871,29,0
professional,0,0,default,flg,0,0.9653365305741748,0.8844516200355141,-0.0033664738110159827,0.01990345063000984,29,0
professional,0,0,default,flg,1,0.9498155329232518,0.8237618168545033,0.0007814102486916677,0.01616693616490863,26,0
professional,1,1,habitual,ssw,0,0.9261115218431004,0.9219355482851431,-0.0027256889769863,0.001114611596095833,29,0
professional,1,1,habitual,ssw,1,0.9221349174006792,0.9044774441274269,-0.001628298902358328,-0.0013425921517230565,29,0
professional,1,1,habitual,fsw,0,0.9291466454576457,0.9131180372805612,-0.0010927896121175904,-0.0008204489733979457,29,0
professional,1,1,habitual,fsw,1,0.9562866680940392,0.9420070667248468,2.4245630273308366e-05,3.35488468324735e-05,29,0
professional,1,1,habitual,slw,0,0.919674653999729,0.9301826318802218,-0.00036552441062605214,-0.004470070860349151,29,0
professional,1,1,habitual,slw,1,0.9488845211472017,0.9700246486058826,-0.0029396873344562594,-0.001166346228676311,29,0
professional,1,1,habitual,flw,0,0.9545141878849854,0.9219469671847299,-0.0025362266024887667,0.0024687402356562507,29,0
professional,1,1,habitual,flw,1,0.9244484843114714,0.9368436041554613,0.0011791890748311237,-0.004272673063190414,29,0
professional,1,1,habitual,svsw,0,0.9074945823504175,0.9357501535094023,-0.0033721317105667226,0.000455771868390434,29,0
professional,1,1,habitual,svsw,1,0.9390241767578473,0.926604151281069,-0.003883784833300792,-0.0020337182650871,29,0
professional,1,1,habitual,ssg,0,0.926588854746773,0.9148290305430259,-0.004054175115991185,0.0013380941666232644,29,0
professional,1,1,habitual,ssg,1,0.9362566897233346,0.9569306022871418,-0.0014524814852083998,-0.0018448330195691347,29,0
professional,1,1,habitual,fsg,0,0.9377726436332746,0.9184872356079541,-0.0015201203936301639,-0.0005491859181742426,29,0
professional,1,1,habitual,fsg,1,0.9394175747048797,0.9509449213918566,-0.003399285203874936,-0.0077439997774066405,29,0
professional,1,1,habitual,slg,0,0.9360787065523206,0.9430138346368596,-0.003859409617267056,0.0008811317871822012,29,0
professional,1,1,habitual,slg,1,0.9313134625171764,0.9379331151895174,-0.003911908770816044,-0.0014224663733976082,29,0
professional,1,1,habitual,flg,0,0.9420493973287981,0.9257031476859024,-0.005554208532384564,-0.0009442721414764589,29,0
professional,1,1,habitual,flg,1,0.9370029522638124,0.945548402984048,-0.0007193070222487781,0.0004948092566559414,29,0
professional,1,1,default,ssw,0,0.9338245604561402,0.9449877758570987,-0.0004350900727994548,-0.004831318532979873,29,0
professional,1,1,default,ssw,1,0.9340037456286664,0.9320417121603265,-0.00022718584997145127,-0.0007094079616865442,29,0
professional,1,1,default,fsw,0,0.932463889314579,0.9451064366799973,-0.0004177456741755103,-0.003154077403406076,29,0
professional,1,1,default,fsw,1,0.9195788609417358,0.9755930556066967,-0.0032430878579294583,-0.0015859793940039245,29,0
professional,1,1,default,slw,0,0.9365804537820921,0.9144992906487197,-0.0038036879255354075,-0.0017268868392597298,29,0
professional,1,1,default,slw,1,0.8975024733035578,0.9365559470932243,-0.0012137009594123936,-0.0014459859037128904,28,0
professional,1,1,default,flw,0,0.9412438709274894,0.9393872597358596,-0.0018492906859947462,-0.0026199391091820514,29,0
professional,1,1,default,flw,1,0.9406902953816204,0.9133681888262694,-0.003475377207468579,-0.003675890747303565,29,0
professional,1,1,default,svsw,0,0.9452819080906238,0.9468750318153917,-0.005005553853760671,-0.004504296148731452,29,0
professional,1,1,default,svsw,1,0.9296766794191891,0.9267233518402193,-0.0039644144827565946,-0.002325549774249896,29,0
professional,1,1,default,ssg,0,0.9280211049665757,0.9638001416740906,-0.002197645024167031,-0.0015626629071257133,29,0
professional,1,1,default,ssg,1,0.932321927152027,0.9008825956893305,-0.00033366027953733376,-0.0036177954871629346,29,0
professional,1,1,default,fsg,0,0.9315779381279239,0.9442087496780395,-0.0003916165270386584,-0.0020271177103881872,29,0
professional,1,1,default,fsg,1,0.9274339285961325,0.9196149815741077,-0.0020925041256726323,-0.003648275754347585,29,0
professional,1,1,default,slg,0,0.9588466226136403,0.9512814071569581,-0.004632760497548055,0.0005190080710403555,26,0
professional,1,1,default,slg,1,0.9442032398987318,0.9452092510440298,-0.002924991377822474,-0.002518294896284717,29,0
professional,1,1,default,flg,0,0.9278091350608304,0.9151276807652786,-0.003848768309133598,-0.0043382751606648295,26,0
professional,1,1,default,flg,1,0.928578204533326,0.9475238120947871,-0.004573084350153812,-0.0031075791726172023,28,0
professional,2,2,habitual,ssw,0,0.9447318037610234,0.9651598008194233,-5.1942990666855975e-05,0.007816156348695117,29,0
professional,2,2,habitual,ssw,1,0.9577234973232899,1.0303890898718482,0.004899056226571419,0.005407755488109875,29,0
professional,2,2,habitual,fsw,0,0.9568168371197807,0.9763688977728455,0.0007981929987897502,0.009229342948091874,29,0
professional,2,2,habitual,fsw,1,0.9588955451210808,0.9674461026814263,-0.0016693641774781194,0.007923125999670983,26,0
professional,2,2,habitual,slw,0,0.9531937631047509,0.9622470341009445,-0.0009226411124858636,0.009852861288271134,29,0
professional,2,2,habitual,slw,1,0.9832839061210017,1.088558553680884,-0.0039383041582510825,0.005457543468529717,29,0
professional,2,2,habitual,flw,0,0.9506067637590605,1.0015541497831488,-0.004046316759759189,0.010046544538005254,29,0
professional,2,2,habitual,flw,1,0.9615042824337484,0.9901058509727767,-0.0032311831394913355,0.0076272050675929865,29,0
professional,2,2,habitual,svsw,0,0.9692471416813003,1.0095714508154527,-0.0017258700732365297,0.0071251187015830214,29,0
professional,2,2,habitual,svsw,1,0.9597824137443993,0.9990391986511094,-0.0025251666018249195,0.0030218493775088055,29,0
professional,2,2,habitual,ssg,0,0.9770111912332398,0.9980641753463454,0.0015819419629151147,0.006656374141806301,29,0
professional,2,2,habitual,ssg,1,0.959474085950662,0.9840953991410565,0.0004579531498712028,0.010604045707873285,29,0
professional,2,2,habitual,fsg,0,0.9748288784814186,1.0021596726399706,0.0014611393664470847,0.005338538966736523,29,0
professional,2,2,habitual,fsg,1,0.981761265898746,0.9932089269489152,0.0008597863262991608,0.008807121175019928,29,0
professional,2,2,habitual,slg,0,0.9925196514595757,1.01099756361471,-0.00033411419856032437,0.007319218627853967,29,0
professional,2,2,habitual,slg,1,0.9908895642871961,1.0247424304423354,0.0034383207385842805,0.009643617580709241,29,0
professional,2,2,habitual,flg,0,0.9516940805098473,0.963061667003509,-0.0010256996736160689,0.0075908815462541746,29,0
professional,2,2,habitual,flg,1,0.9693627694386802,1.0424130332010646,-0.003053043029366193,0.009443113452991956,29,0
professional,2,2,default,ssw,0,0.9331560968276789,0.935135367685804,-0.0031669394590480514,0.005029891384443914,29,0
professional,2,2,default,ssw,1,0.9862303642372284,0.9556989881336818,-0.0032352531225226205,0.008450792097868826,29,0
professional,2,2,default,fsw,0,0.9634344877936055,0.9384335981632665,-0.004041021939546862,0.005986750782248323,29,0
professional,2,2,default,fsw,1,1.0117812652807134,0.9273637571279465,-0.004729814852606311,0.006869421209835294,29,0
professional,2,2,default,slw,0,0.9716791292151705,0.9608751944528182,-0.00017860388049462106,0.010148621044190894,26,0
professional,2,2,default,slw,1,0.9788531893575303,0.9959541339529323,-0.00010345399757073596,0.0056938654273328785,29,0
professional,2,2,default,flw,0,0.9703836310636387,0.9817029030293316,-0.0014150495945211708,0.004460790192924717,29,0
professional,2,2,default,flw,1,0.9471018651295267,1.0024025130701144,-0.0012859471236415293,0.008397155134211133,29,0
professional,2,2,default,svsw,0,0.9579715672503999,0.9468504679672728,-0.002354396432100382,0.006868563324077483,29,0
professional,2,2,default,svsw,1,0.9723800704042798,0.9869481936436121,-0.001362808685808026,0.007217487881975281,26,0
professional,2,2,default,ssg,0,0.9453591428458852,0.9479423687517128,0.00018112927945321353,0.005436148269928748,29,0
professional,2,2,default,ssg,1,0.9378605419574245,0.9546236845925203,-0.004276604742522993,0.004753217253268027,29,0
professional,2,2,default,fsg,0,0.958112460284085,0.9619545565026651,-0.0006544734208363892,0.007482600825764824,26,0
professional,2,2,default,fsg,1,0.9414121945317078,0.9812130560870134,0.0008581574544397532,0.0016619968056592244,29,0
professional,2,2,default,slg,0,0.9690800850459893,0.9670955222586044,-0.002015282476184049,0.009634437877794208,29,0
professional,2,2,default,slg,1,0.940684604498222,0.9471266186312703,0.00012970612176378161,0.005657131686133101,29,0
professional,2,2,default,flg,0,0.9359547758114738,0.9683917560312532,-0.004025331340205843,0.005573012536273215,29,0
professional,2,2,default,flg,1,0.9585204371522205,0.9235605563470536,-0.0010838112282161145,0.012678979970937471,26,0
professional,3,3,habitual,ssw,0,0.8983149680810396,0.8714160552732131,-0.008146184606928453,0.018264881510481397,19,0
professional,3,3,habitual,ssw,1,0.8500472923766303,0.98453159794407,-0.0032950882924871316,0.01185331085490366,29,0
professional,3,3,habitual,fsw,0,0.9141268571603588,0.9201971772820331,-0.005815251431991282,0.025567169303763706,28,0
professional,3,3,habitual,fsw,1,0.8904397975139982,0.8807804776152963,-0.005359638237720973,0.013881262044474802,29,0
professional,3,3,habitual,slw,0,0.8833898865736269,0.923991583754147,-0.0026634650516519347,0.01968441637040684,26,0
professional,3,3,habitual,slw,1,0.8398111411605562,0.9265965925920455,-0.00509997719417551,0.011144448019191018,29,0
professional,3,3,habitual,flw,0,0.8810190673773337,0.8606833755393775,0.0006904876785935286,0.02062975451085053,18,0
professional,3,3,habitual,flw,1,0.8478821590403738,1.0540553872986023,-0.0018304536892421392,0.008219885408623687,29,0
professional,3,3,habitual,svsw,0,0.9037147074585794,0.9186222555398109,-0.006382775547377292,0.01284428389082662,29,0
professional,3,3,habitual,svsw,1,0.8909811764814614,0.983947269098727,-0.010562292732371376,0.011882505641392455,22,0
professional,3,3,habitual,ssg,0,0.9093224786863761,0.9012550152870574,-0.008947511503476176,0.019633472941863142,29,0
professional,3,3,habitual,ssg,1,0.8896953240971099,0.9041510678907745,-0.0038641782777289373,0.02293896303606204,19,0
professional,3,3,habitual,fsg,0,0.8929600928905923,0.868565010165802,-0.007287533850876245,0.016309643042643537,29,0
professional,3,3,habitual,fsg,1,0.9359412716087461,0.931960717858046,-0.007418572366564197,0.01955945672852228,26,0
professional,3,3,habitual,slg,0,0.9066838910561515,0.8915324047449932,-0.008178567845469682,0.023998205348512165,21,0
professional,3,3,habitual,slg,1,0.9481430879013322,0.8354383719438345,-0.013973429678517765,0.023106022974372423,11,0
professional,3,3,habitual,flg,0,0.9195093797544899,0.9084727710749352,-0.004064770659768778,0.02263757878285248,29,0
professional,3,3,habitual,flg,1,0.899821719601974,0.8321955932512015,-0.010995671305379246,0.021577135931206838,24,0
professional,3,3,default,ssw,0,0.9391746402451713,1.030006676522918,-0.004971554760766311,0.018778862938006576,29,0
professional,3,3,default,ssw,1,0.872913594084508,0.9321179932219892,-0.0013735945956815654,0.01238081065390622,29,0
professional,3,3,default,fsw,0,0.9058680185951191,1.0342984945427913,-0.011131827940874334,0.01673417010625172,15,0
professional,3,3,default,fsw,1,0.8954709445641302,0.9813549750407063,-0.012465686375470604,0.009799950098074784,29,0
professional,3,3,default,slw,0,0.9022283205782551,0.9453205089491169,-0.0005303915535544469,0.011968593541855652,22,0
professional,3,3,default,slw,1,0.8931764920944762,0.9837264001551598,-0.007403818506752541,0.02666621236012715,22,0
professional,3,3,default,flw,0,0.8915775342822478,0.9195141487980976,-0.00042965478130215125,0.019231377451125038,17,0
professional,3,3,default,flw,1,0.8997306464173946,1.0020082375743724,-0.0031563601358637425,0.015081699388695677,26,0
professional,3,3,default,svsw,0,0.9199201093016282,0.9593152499594344,-0.014250717000739606,0.018896169058067982,22,0
professional,3,3,default,svsw,1,0.8542861450040697,0.9886449443346152,0.004512676090069137,0.013225824006409334,19,0
professional,3,3,default,ssg,0,0.899627286696623,1.0438415723887149,-0.00694472411804096,0.02470663867866275,29,0
professional,3,3,default,ssg,1,0.9020848963606384,0.9049749999481382,-0.006469671174154249,0.009854000089766828,21,0
professional,3,3,default,fsg,0,0.871098560341949,0.8216946376760217,-0.0055909801688295655,0.030041141526117462,18,0
professional,3,3,default,fsg,1,0.9051202245710284,0.8693360069118939,-0.007117115693787941,0.013335799416153947,19,0
professional,3,3,default,slg,0,0.9025424659266235,0.9106573547299479,-0.0041942348976102915,0.016787768481218754,29,0
professional,3,3,default,slg,1,0.9344596035925538,0.9056035582240164,-0.003188169614152669,0.030582477378884903,15,0
professional,3,3,default,flg,0,0.907455691800939,0.9584953114737186,-0.010138854574701865,0.013120078641654315,19,0
professional,3,3,default,flg,1,0.9782791367369863,1.0163428720148606,-0.009773136280582125,0.015313005306495844,19,0
professional,4,4,habitual,ssw,0,0.9218193954652674,0.8938231087873134,0.007382509117502613,0.01857663731490414,29,0
professional,4,4,habitual,ssw,1,0.9195003423842597,0.9080260959859483,0.004338206943655798,0.023834085642054078,29,0
professional,4,4,habitual,fsw,0,0.9152083911614016,0.9183423541320573,0.008547397004613424,0.01762567490204969,29,0
professional,4,4,habitual,fsw,1,0.9304457653302627,0.8574733443691147,0.0031709757422496675,0.022093802670556877,26,0
professional,4,4,habitual,slw,0,0.9298761193909365,0.8978839667348004,0.006469503538060965,0.020895921313931212,29,0
professional,4,4,habitual,slw,1,0.9234049186641804,0.9527287387412684,0.0044079590854644015,0.01957146417936907,29,0
professional,4,4,habitual,flw,0,0.9266697722587748,0.8430833102834566,0.007309431229139456,0.01769283531215383,29,0
professional,4,4,habitual,flw,1,0.9089876596462153,0.9714777996355045,0.00528167587131081,0.014250252974978466,26,0
professional,4,4,habitual,svsw,0,0.9461665799173714,0.8844179412631397,0.007635033656722056,0.020282632937195736,29,0
professional,4,4,habitual,svsw,1,0.9222059252309707,0.8534611803219417,0.007609513578117755,0.021893897282227646,29,0
professional,4,4,habitual,ssg,0,0.9483002967098112,0.8539015350901311,0.0030702732478247157,0.012939902242185839,25,0
professional,4,4,habitual,ssg,1,0.9066109042041081,0.8925504206592595,0.0052990639443490145,0.02520055162143857,28,0
professional,4,4,habitual,fsg,0,0.948010401065466,0.8795127752581908,0.008080641468513025,0.019867234365013524,26,0
professional,4,4,habitual,fsg,1,0.9255153089818218,0.9879265328231276,0.0061531217692837314,0.0225328476601256,29,0
professional,4,4,habitual,slg,0,0.9493096662602871,0.8682450863860494,0.008952880678291813,0.021644843852965646,22,0
professional,4,4,habitual,slg,1,0.9311787628963153,0.8735546508649549,0.0052875447178095765,0.02054423444488228,29,0
professional,4,4,habitual,flg,0,0.9132239290446837,0.8766573975369487,0.006349231578491606,0.017892886037167346,29,0
professional,4,4,habitual,flg,1,0.9430059329352605,0.8867909685058624,0.005159667268051418,0.021224451853034412,28,0
professional,4,4,default,ssw,0,0.909678428602276,0.8715008767050557,0.003594486794766571,0.022588216905182448,26,0
professional,4,4,default,ssw,1,0.9156237140157353,0.8911896351703191,-0.003441837374425175,0.00812573223496583,29,0
professional,4,4,default,fsw,0,0.906087780131354,0.8573300691541864,0.004417717786583949,0.013399845382824046,29,0
professional,4,4,default,fsw,1,0.9290193657848521,0.8874572398090422,0.00770607204439148,0.014898248197708708,29,0
professional,4,4,default,slw,0,0.9145746981475971,0.8716279340610104,-0.00021792845566979881,0.01081174407741195,29,0
professional,4,4,default,slw,1,0.9046466012698878,0.9005042022414281,0.0049424704767131985,0.013334472524844373,29,0
professional,4,4,default,flw,0,0.909438181970859,0.8638561347185005,0.005206258455821316,0.016902928584267368,26,0
professional,4,4,default,flw,1,0.9578703883642816,0.9403458473762673,0.00489426801062698,0.013942434313713462,26,0
professional,4,4,default,svsw,0,0.9268853141068795,0.9267980489272077,0.011960798853281503,0.025798475836705907,29,0
professional,4,4,default,svsw,1,0.9233522891742512,0.8596156977170518,0.009336783501811,0.021051860099728075,22,0
professional,4,4,default,ssg,0,0.9068849573472431,0.89216039097482,0.01130395632835976,0.017408228809372213,28,0
professional,4,4,default,ssg,1,0.9348946030150467,0.9293456360373122,0.0050580517513171405,0.021133181903142242,29,0
professional,4,4,default,fsg,0,0.9377566775226815,0.877511804673694,0.00813886807792288,0.014936986598615094,29,0
professional,4,4,default,fsg,1,0.9449304822977781,0.9165461591791266,0.008738588169956596,0.019430211188155404,26,0
professional,4,4,default,slg,0,0.9211612793588349,0.8978044811508427,0.01069436340594633,0.016097890520940936,29,0
professional,4,4,default,slg,1,0.9015327231301671,0.917915281471993,0.00855451032857785,0.016991530508058326,29,0
professional,4,4,default,flg,0,0.9080242687111724,0.8722133792491144,0.010699619332756122,0.018784033767935727,29,0
professional,4,4,default,flg,1,0.9217332170802898,0.9062589016162147,0.007817369147897928,0.022450135482483407,29,0
professional,5,5,habitual,ssw,0,0.9138266815626075,0.8982588196173508,0.0005314022758635935,0.010788840486028795,29,0
professional,5,5,habitual,ssw,1,0.8841664960679979,0.9017920740320452,0.00047495158321268945,0.006885631960209139,29,0
professional,5,5,habitual,fsw,0,0.9028554582357402,0.8992118679690783,-0.0021866863277071307,0.00637240485437535,29,0
professional,5,5,habitual,fsw,1,0.8995137081855807,0.8944402447856075,-0.0006940542830290867,0.009773709190413348,29,0
professional,5,5,habitual,slw,0,0.8879350061931385,0.8969217085526875,-0.00216092609114455,0.008754709163614607,29,0
professional,5,5,habitual,slw,1,0.9330273187149223,0.8860633813209966,0.0020760642755730876,0.008238388014535573,26,0
professional,5,5,habitual,flw,0,0.9057321105631903,0.9008298138941164,-0.000996866823556296,0.008784552395322033,29,0
professional,5,5,habitual,flw,1,0.9187502634791503,0.8528394906100818,0.0017047780538321888,0.008649374315744501,26,0
professional,5,5,habitual,svsw,0,0.9023250735136416,0.8973549230941906,-0.0014226614905065082,0.008815014573083868,29,0
professional,5,5,habitual,svsw,1,0.9193170363884158,0.8987765474795462,-0.0014583649234881386,0.00965703726049306,29,0
professional,5,5,habitual,ssg,0,0.9091006279507448,0.8464742391277413,0.0007880716122592038,0.011474934823899136,26,0
professional,5,5,habitual,ssg,1,0.9162226715636362,0.9048095047477258,-0.0009862391398173733,0.007108399321695026,27,0
professional,5,5,habitual,fsg,0,0.9415297897767654,0.8439689318566834,-0.0004132939899750025,0.008473360713971388,28,0
professional,5,5,habitual,fsg,1,0.9117749727994338,0.8691910378846511,0.0011936837032915995,0.012363256962337477,29,0
professional,5,5,habitual,slg,0,0.9392016460754934,0.8386325662132343,-0.00017823154301045262,0.008202003332467973,29,0
professional,5,5,habitual,slg,1,0.9001998979518308,0.863338878455106,-0.0025700468771456737,0.00914784284269894,29,0
professional,5,5,habitual,flg,0,0.9007356525717221,0.8442126283251382,0.0012926107236351757,0.009660539876773684,29,0
professional,5,5,habitual,flg,1,0.9005473941737723,0.8751908408099789,-0.001454271774119391,0.012124711926918916,29,0
professional,5,5,default,ssw,0,0.913229615050578,0.8789476765707155,-0.0037154618688824284,0.005869604108703091,26,0
professional,5,5,default,ssw,1,0.9144475830097759,0.9380464050734355,-0.0009571928505357069,0.0001291705252795916,26,0
professional,5,5,default,fsw,0,0.9030894646030676,0.9271124541577991,-0.0026271054102579927,0.005595698886566337,29,0
professional,5,5,default,fsw,1,0.8988834821678838,0.8737196965478169,0.0003872365539041153,0.0015959335448017232,29,0
professional,5,5,default,slw,0,0.8913525230398842,0.865517879390283,-0.001500645535590226,0.0037863913714064295,29,0
professional,5,5,default,slw,1,0.9109344123105982,0.8796770490147179,-0.0019481115871254019,0.003159615558247967,29,0
professional,5,5,default,flw,0,0.9102279207045962,0.9002447967728566,-0.0022296725772648442,0.00013626739788538504,28,0
professional,5,5,default,flw,1,0.8913362913264284,0.864560128351352,0.0007581206760482618,0.0024577171205443864,28,0
professional,5,5,default,svsw,0,0.9017062183566649,0.8949015703084139,-0.003917273925364685,0.0036134712165860105,29,0
professional,5,5,default,svsw,1,0.9139645156864115,0.8785809340802606,0.00422019913788356,0.009664493007135297,26,0
professional,5,5,default,ssg,0,0.9077615300532882,0.8486054182014281,-0.0019070903409987953,0.007048613893696423,28,0
professional,5,5,default,ssg,1,0.9125704292009806,0.8897730744598028,-0.0004570774736122338,0.009271227658681403,28,0
professional,5,5,default,fsg,0,0.9150169835552409,0.9320550309911588,-0.0017611468068275586,0.0020010408205646036,29,0
professional,5,5,default,fsg,1,0.9038919340631225,0.8566229189422983,0.00021337611093432286,0.0059016579936554975,29,0
professional,5,5,default,slg,0,0.9087572341696525,0.9396394464825504,0.0002002195616523086,0.004979500359066923,25,0
professional,5,5,default,slg,1,0.8934764617619984,0.9004247458269979,0.0003053739978159994,0.00452666713436745,29,0
professional,5,5,default,flg,0,0.9019414370717672,0.9088206050669592,-0.0006773563249974669,0.007737380888756201,29,0
professional,5,5,default,flg,1,0.8967660533471742,0.9032712549753769,-0.0021303478878321493,0.0042495219935796405,28,0
professional,6,6,habitual,ssw,0,0.9162916534542063,0.9576508661032368,0.0032717018243205386,0.015681485688549338,27,0
professional,6,6,habitual,ssw,1,0.9397782059569647,0.9833774979599323,0.0021358283047869684,0.01639433207374789,29,0
professional,6,6,habitual,fsw,0,0.8906224917383176,0.9922510561472776,0.002062933974112907,0.017015304735834676,27,0
professional,6,6,habitual,fsw,1,0.9167201937045205,0.942266972905463,0.0022892807968500984,0.010623126081661596,29,0
professional,6,6,habitual,slw,0,0.9212058980325044,1.0236807558549397,0.00474857236958124,0.01926059675572013,29,0
professional,6,6,habitual,slw,1,0.9221222230415856,0.9228761156818811,0.000812600229293717,0.00990262573491802,29,0
professional,6,6,habitual,flw,0,0.9256233396222168,0.8981905328586357,0.002468234338408193,0.016131572738782275,28,0
professional,6,6,habitual,flw,1,0.9004042606410675,0.9481039363150914,0.002483892028525607,0.01428326390908706,29,0
professional,6,6,habitual,svsw,0,0.9241249355330785,0.9479234281443959,0.004687852028362669,0.015406049075827304,28,0
professional,6,6,habitual,svsw,1,0.9514632947990544,0.9929245921663261,0.0027701888254270998,0.016303193635835697,28,0
professional,6,6,habitual,ssg,0,0.9080310560199363,0.9480803596316232,0.005389862431677424,0.01769475544290403,29,0
professional,6,6,habitual,ssg,1,0.918752325537354,0.9338668315064387,0.006198727830614716,0.013111362518472449,29,0
professional,6,6,habitual,fsg,0,0.9137556995632481,0.9618827469827538,0.004946362158383384,0.015521957993621292,29,0
professional,6,6,habitual,fsg,1,0.9399170024630608,0.9374196092686945,0.0039265154949443114,0.010885602631697279,25,0
professional,6,6,habitual,slg,0,0.9230274717282243,0.9371735123782214,0.0033185472353114698,0.011413311162857183,29,0
professional,6,6,habitual,slg,1,0.9289488323754971,0.8609560560788443,0.0033121645904809313,0.009501399407135049,28,0
professional,6,6,habitual,flg,0,0.915456882684488,0.9248671809231346,0.0059107943964001215,0.011247194039693546,28,0
professional,6,6,habitual,flg,1,0.9343461925177265,0.8826703344701826,0.003338877744450696,0.010019268714056864,28,0
professional,6,6,default,ssw,0,0.9487194645833713,1.0122759269394253,0.0020369433759870915,0.012563160607334775,29,0
professional,6,6,default,ssw,1,0.9305933595362961,1.0170062698982458,6.013822508136625e-05,0.009454770796511275,29,0
professional,6,6,default,fsw,0,0.9278207696576767,1.002538556959717,0.006359690307636696,0.012605580044230194,29,0
professional,6,6,default,fsw,1,0.9315233515919797,0.852394649352462,0.00036791917516941584,0.009652982094128256,29,0
professional,6,6,default,slw,0,0.9316384739128248,0.9361352644766172,0.003375568069724633,0.012554006951265389,29,0
professional,6,6,default,slw,1,0.9226424788343721,0.9633210819459467,0.0016568204391717222,0.010199324708819643,29,0
professional,6,6,default,flw,0,0.9334675648946108,1.0166397304375383,0.0022381763929838847,0.01196126113283767,26,0
professional,6,6,default,flw,1,0.9306394657998361,0.960568200080307,0.004191358609972268,0.010435321598333278,29,0
professional,6,6,default,svsw,0,0.9663454217435633,0.9923731370790864,0.004460484544244072,0.012637169361819264,29,0
professional,6,6,default,svsw,1,0.9208926294082682,0.9533144580901473,0.00033020816088876435,0.014248411188802568,29,0
professional,6,6,default,ssg,0,0.9442136040211545,1.0769780033588017,0.005036084682309849,0.012989656630914939,29,0
professional,6,6,default,ssg,1,0.9356674731526026,1.060233821902854,0.0017876347360976036,0.014486372433545941,29,0
professional,6,6,default,fsg,0,0.9402557719514764,1.0053456835887018,0.0058940464982604615,0.01234793400253683,29,0
professional,6,6,default,fsg,1,0.9391357792371386,0.8839137439734621,0.003971772919983841,0.01648961424738145,26,0
professional,6,6,default,slg,0,0.9504882467940732,1.0346585438916256,0.0024606993681467334,0.017179242470309088,28,0
professional,6,6,default,slg,1,0.9333107202800723,1.0184046478985984,-0.0007329527050390318,0.006085742439627308,29,0
professional,6,6,default,flg,0,0.9482820285730824,1.02031304135853,0.0017147633418370467,0.016179606517057007,29,0
professional,6,6,default,flg,1,0.9456735532220142,0.947819629954039,0.0026153118167892096,0.006678374347995961,29,0
professional,7,7,habitual,ssw,0,0.8908571790606261,0.7733177877901769,-0.0016585532650026154,0.013034403260922044,27,0
professional,7,7,habitual,ssw,1,0.9579937112505477,0.8161092967790158,-0.007533010267956709,0.014226074750231478,22,0
professional,7,7,habitual,fsw,0,0.8980459211950929,0.7975288256297332,-0.00213670537845821,0.00951116185849415,21,0
professional,7,7,habitual,fsw,1,0.9076229530523784,0.8728741772630448,-0.0010365047883866426,0.022599764992051734,24,0
professional,7,7,habitual,slw,0,0.8963435415038716,0.7902400289636043,-0.0011957062297126867,0.0007225785004097754,26,0
professional,7,7,habitual,slw,1,0.9017077569928353,0.8704802461245078,-0.0022403327456858527,0.02119277290736133,24,0
professional,7,7,habitual,flw,0,0.9171667572094463,0.871269331431224,-0.0022084810255418087,0.014110735148219745,24,0
professional,7,7,habitual,flw,1,0.8959879180538597,0.7808939631267617,-0.004188922225622742,0.004241147708785278,28,0
professional,7,7,habitual,svsw,0,0.9042085285947793,0.8202324283043284,-0.004489091369559681,0.015627605841268006,24,0
professional,7,7,habitual,svsw,1,0.8863571148902618,0.8410477462535207,0.0024165250236779616,0.01681317597332041,28,0
professional,7,7,habitual,ssg,0,0.8966650061356602,0.8080380467211266,-0.001995851304128458,0.01761393403365854,27,0
professional,7,7,habitual,ssg,1,0.8724794637242134,0.8850764483371663,-0.004458674889006062,0.01098587484078559,21,0
professional,7,7,habitual,fsg,0,0.8892496746918936,0.8954074036452856,-0.0020843442377059627,0.012087334356626421,20,0
professional,7,7,habitual,fsg,1,0.8873796919511956,0.9420932768426044,0.0018956577036995902,0.02237517476905828,21,0
professional,7,7,habitual,slg,0,0.9077549503877835,0.8118662613630834,-0.003244560163474761,0.012237005484755623,22,0
professional,7,7,habitual,slg,1,0.9233376222914392,0.8666531116353666,-0.0008041351728146195,0.02382483827176576,22,0
professional,7,7,habitual,flg,0,0.9218835320360803,0.8267382638139128,-0.0012611080365355501,0.00924218231524352,28,0
professional,7,7,habitual,flg,1,0.9028844290572421,0.8313083086037183,-0.0025921455373555478,0.018726957579353574,21,0
professional,7,7,default,ssw,0,0.9062044711512323,0.8408717911871266,0.001696780978726638,0.017243053678431448,27,0
professional,7,7,default,ssw,1,0.9089900798104182,0.9153400452653304,0.006204212635707166,0.016976874059596282,25,0
professional,7,7,default,fsw,0,0.9080581987827266,0.8917959234795988,0.0009066300608856505,0.011134273623390173,26,0
professional,7,7,default,fsw,1,0.9256018632151842,0.8003689787827081,-0.004758016843940539,0.009359320960436481,25,0
professional,7,7,default,slw,0,0.9198220519759374,0.9500616249251994,-0.0017683641678590926,0.019195143940027748,22,0
professional,7,7,default,slw,1,0.9115721276404909,0.8431470863141337,-0.002631029970014536,0.014079353064705816,24,0
professional,7,7,default,flw,0,0.9207804006103617,0.8569230711987977,0.0005186449311800892,0.015620913805849384,22,0
professional,7,7,default,flw,1,0.941693237245153,0.982341143387866,-1.1311251876972364e-05,0.018094640453235958,22,0
professional,7,7,default,svsw,0,0.9121360743896624,0.8795098735399103,0.0013110950642445203,0.020834271541040294,23,0
professional,7,7,default,svsw,1,0.9230599071136665,0.850936117482999,-0.0023201022935412964,0.014633771166997458,25,0
professional,7,7,default,ssg,0,0.8992472265978082,0.8073553464448777,-0.0012851007395869455,0.011673537247305733,28,0
professional,7,7,default,ssg,1,0.9184381082607558,0.8188029078718899,-0.00011583584128008369,0.013461640495916806,28,0
professional,7,7,default,fsg,0,0.9209560900438002,0.8301430426784616,0.0004993228461197263,0.010363148149838101,29,0
professional,7,7,default,fsg,1,0.8993968659763755,0.8779241614521743,-0.0015298585862986522,0.019059880180816093,28,0
professional,7,7,default,slg,0,0.9103522835701237,0.8560944000585669,-0.0005805187659138544,0.016593724712934247,25,0
professional,7,7,default,slg,1,0.9013137751270512,0.8432093252015981,-0.002851831255122674,0.01261518445861558,24,0
professional,7,7,default,flg,0,0.9123635933067114,0.8178976247733319,-0.0011646238294367715,0.01819248205998733,25,0
professional,7,7,default,flg,1,0.9095805665692047,0.8952751010910398,0.00023216645053219034,0.024869303341282623,24,0
professional,8,8,habitual,ssw,0,0.9527829790474728,0.852686369691885,0.004634385012098261,-0.012718493018615405,26,0
professional,8,8,habitual,ssw,1,0.9247427747021734,0.8339621943057001,0.005555374741619122,-0.010730544481877598,29,0
professional,8,8,habitual,fsw,0,0.9239392797683559,0.8534432832593526,0.007574551462896964,-0.011901723102242715,29,0
professional,8,8,habitual,fsw,1,0.9435016134160799,0.8491704735695716,0.004912880800352895,-0.00992646029154592,29,0
professional,8,8,habitual,slw,0,0.9223983857831164,0.8481142044477299,0.01169769718006501,-0.011763771616907065,29,0
professional,8,8,habitual,slw,1,0.917187330238676,0.8615008953341843,0.004384779682347784,-0.013814480898844128,29,0
professional,8,8,habitual,flw,0,0.9375867751688656,0.869862401020084,0.009437688390366527,-0.010544770795808203,29,0
professional,8,8,habitual,flw,1,0.9218363933076964,0.8574741949938095,0.006479959235131624,-0.011285936168607184,29,0
professional,8,8,habitual,svsw,0,0.9257719212732052,0.8317284589806193,0.011679737751897722,-0.011739311249884523,29,0
professional,8,8,habitual,svsw,1,0.9136677069871099,0.8360419376744552,0.005646058387943538,-0.01388745025675677,29,0
professional,8,8,habitual,ssg,0,0.9245534534238158,0.8622015305107645,0.006571113469901065,-0.010666020062779176,29,0
professional,8,8,habitual,ssg,1,0.9281951415074331,0.8659087681384717,0.008457394546977082,-0.012250223732469277,29,0
professional,8,8,habitual,fsg,0,0.9434551186682316,0.8714641635972633,0.009400047845207996,-0.012026343944005367,29,0
professional,8,8,habitual,fsg,1,0.9059869849249511,0.8530705917839551,0.007930665569361294,-0.015122165417085335,29,0
professional,8,8,habitual,slg,0,0.9266945505586563,0.8605571694104586,0.010520823117593687,-0.01186827969102548,29,0
professional,8,8,habitual,slg,1,0.9331873351706855,0.8416115382095373,0.007983701616943534,-0.01183805044383322,29,0
professional,8,8,habitual,flg,0,0.9256340754534381,0.8460871246882401,0.007881838370824814,-0.010180218253172866,29,0
professional,8,8,habitual,flg,1,0.9324083638425492,0.8656796668800206,0.0070353836513574915,-0.01131826321988811,29,0
professional,8,8,default,ssw,0,0.9142568483870249,0.8465821386418823,0.007501074125370956,-0.013968375652597353,29,0
professional,8,8,default,ssw,1,0.917355383940766,0.8405427232786685,0.007443876230807322,-0.011886339755715472,29,0
professional,8,8,default,fsw,0,0.9229053371178274,0.8635561242907759,0.005973871049753847,-0.014753486849628641,29,0
professional,8,8,default,fsw,1,0.9205586101369526,0.8403586241732689,0.006113689516595249,-0.015784036265440345,29,0
professional,8,8,default,slw,0,0.9159009149324941,0.8343921761219255,0.006203912555186153,-0.012127124992118812,29,0
professional,8,8,default,slw,1,0.9195252787940563,0.8663867104115905,0.004983087387481231,-0.01672464212994502,28,0
professional,8,8,default,flw,0,0.9155804030577442,0.8479687337940878,0.007516652708459863,-0.0136709625895968,29,0
professional,8,8,default,flw,1,0.9178379977247644,0.8682123506664935,0.007367460884839898,-0.014867408376119459,29,0
professional,8,8,default,svsw,0,0.9197220973540294,0.8403616416615761,0.006609428904964454,-0.011453308663951327,29,0
professional,8,8,default,svsw,1,0.9177266485609964,0.8536843393387168,0.0032532603390589407,-0.014182746289690091,29,0
professional,8,8,default,ssg,0,0.9150137867544299,0.8538728104664709,0.004730907958584598,-0.013508841855982681,29,0
professional,8,8,default,ssg,1,0.920434894607143,0.8480786956734524,0.006925928802338809,-0.01495922206611457,29,0
professional,8,8,default,fsg,0,0.9058903492116002,0.8408128106191619,0.005317741691901031,-0.01488074545215307,29,0
professional,8,8,default,fsg,1,0.9159178435176061,0.8454780529529391,0.00736447273112318,-0.016345308376461917,29,0
professional,8,8,default,slg,0,0.9028688976144756,0.8303237219524081,0.008491013966391552,-0.012369693316512737,29,0
professional,8,8,default,slg,1,0.9422083242964554,0.8658211338330747,0.006780163202507254,-0.014644139290231398,28,0
professional,8,8,default,flg,0,0.9146181835725242,0.8644312741698759,0.005643764307222897,-0.014562956939244816,29,0
professional,8,8,default,flg,1,0.9219519403319036,0.8677881876020196,0.005376705295697688,-0.015634851562235645,29,0
professional,9,9,habitual,ssw,0,0.9703343974097987,0.8397491245896906,0.0057770540024275185,0.006613223336153343,29,0
professional,9,9,habitual,ssw,1,0.8658167240659008,0.8006339343816561,0.014715056860680345,0.00714366335799833,26,0
professional,9,9,habitual,fsw,0,0.9230302222767032,0.8583890474540339,0.004660812615125994,-0.0010606673597576889,29,0
professional,9,9,habitual,fsw,1,0.95051716486581,0.8418783790851773,0.001823414482543569,0.005435410489304143,29,0
professional,9,9,habitual,slw,0,0.9347338122442519,0.820425117952678,0.00485204051885223,0.004976378435768904,29,0
professional,9,9,habitual,slw,1,0.9543615751360176,0.8755838878735265,0.003185022361511077,0.0042996999117072745,26,0
professional,9,9,habitual,flw,0,0.9476960862730367,0.8757512388078323,0.008658380395036268,0.009229159868772367,29,0
professional,9,9,habitual,flw,1,0.9382615344349209,0.8574635676188235,0.0026262353158316813,0.0029098701418993683,29,0
professional,9,9,habitual,svsw,0,0.9269542483421955,0.7878458833132103,0.00826807146831542,0.007705435803540729,29,0
professional,9,9,habitual,svsw,1,0.9448043799726923,0.8816959312823756,0.00022035684442485957,0.003708382380923675,29,0
professional,9,9,habitual,ssg,0,0.9669313291812535,0.8305031899724058,0.006333794387173779,0.006405248033446158,29,0
professional,9,9,habitual,ssg,1,0.9344425310338766,0.834001297064058,0.004682572031967049,0.008215896643039592,29,0
professional,9,9,habitual,fsg,0,0.954079473471511,0.8610745018363759,0.005778761149447713,0.004373744034175354,29,0
professional,9,9,habitual,fsg,1,0.9639979392435363,0.8668038502349404,0.0063347976891039905,0.0016447924204778192,29,0
professional,9,9,habitual,slg,0,0.9547744303997103,0.8345407218369447,0.012089626945118663,0.005823765530383142,28,0
professional,9,9,habitual,slg,1,0.9231967812218038,0.8943193414261128,0.010237840911618883,0.009721453127779216,29,0
professional,9,9,habitual,flg,0,0.9489542634522388,0.836405129245718,0.009954489365736011,0.011277853763545401,29,0
professional,9,9,habitual,flg,1,0.9585582605391476,0.890173411312765,0.004733977435528512,0.011044355408129435,29,0
professional,9,9,default,ssw,0,0.9520397906147825,0.8531959916511046,0.0006565556929092609,0.008612970300706605,29,0
professional,9,9,default,ssw,1,0.929510544410392,0.8720326255497036,-0.003560456973496302,-0.005895143768839868,29,0
professional,9,9,default,fsw,0,0.9622318036915326,0.8637378587953596,0.00042687627591480454,0.0050713584632474185,29,0
professional,9,9,default,fsw,1,0.9476768468367952,0.8380848758619347,-0.0024731490971925244,-0.0028157951824176303,29,0
professional,9,9,default,slw,0,0.9573759925851607,0.8424225679532154,-0.0013403443240634725,0.0022330082414462856,29,0
professional,9,9,default,slw,1,0.923781417587549,0.8991121692697862,-0.004196363249723681,-0.00977726187621482,29,0
professional,9,9,default,flw,0,0.9570206026977784,0.9062444152221031,0.0016694762482582911,0.003839939179751442,29,0
professional,9,9,default,flw,1,0.9668209232271581,0.8810940477443724,0.0006728849749177467,-0.0014207102884877124,29,0
professional,9,9,default,svsw,0,0.9280794887924442,0.7890635956580131,-5.476794422114208e-05,0.004702444386849533,29,0
professional,9,9,default,svsw,1,0.9551872140303401,0.8357112216871124,0.00048024816153237684,0.00786670971352615,29,0
professional,9,9,default,ssg,0,0.9547393527677053,0.8489275791974218,-0.0005916847740047842,0.005502632206449486,29,0
professional,9,9,default,ssg,1,0.9379609963205289,0.8748219035751543,-0.0016025175698533038,-0.006340340156582941,29,0
professional,9,9,default,fsg,0,0.9420108653346947,0.8664063790417988,0.0009455082094432356,0.005410262186981147,29,0
professional,9,9,default,fsg,1,0.9411897257105155,0.8667385057581456,0.001284813556679588,-0.0009633740257391915,29,0
professional,9,9,default,slg,0,0.9657840134275941,0.8676187181654453,0.0022547874252284855,0.00894917122160142,29,0
professional,9,9,default,slg,1,0.9282252040082538,0.8715588136147473,0.0009739408105512715,0.0006594367832629972,29,0
professional,9,9,default,flg,0,0.9526140237402033,0.8393510468830206,-0.001941676315276795,0.0032769453524809813,29,0
professional,9,9,default,flg,1,0.9437930892522619,0.8388204873103637,-0.0021600174199573373,0.00272313243444028,29,0
amateur,10,0,habitual,ssw,0,0.9292239580131164,0.823920555755644,-0.00230738249286075,-0.005476872177712617,27,0
amateur,10,0,habitual,ssw,1,0.9174361419500706,0.8173007722459074,-0.007241897075206156,0.008053232738729989,29,0
amateur,10,0,habitual,fsw,0,0.9269095252135323,0.8501049376311923,-0.0044883072328285225,-0.010372624165687159,29,0
amateur,10,0,habitual,fsw,1,0.9202396910206737,0.8441010206794102,-0.008457655773168087,0.013152846533937786,29,0
amateur,10,0,habitual,slw,0,0.934312558826393,0.7918488231857871,-0.0033325023334696345,0.003220483363292025,29,0
amateur,10,0,habitual,slw,1,0.9253465356929242,0.8562311729968648,-0.006748667440732424,0.005744989015108743,29,0
amateur,10,0,habitual,flw,0,0.9231857890494011,0.8902820852167843,-0.0031102652450273878,-0.010535196913121487,29,0
amateur,10,0,habitual,flw,1,0.9081466135123395,0.8127950760068612,-0.007452243314701837,0.007104447220984252,29,0
amateur,10,0,habitual,svsw,0,0.9089386251299232,0.7877861008884496,-0.007192391186142823,-0.000590568452692162,29,0
amateur,10,0,habitual,svsw,1,0.9307248566741793,0.8104969096850568,-0.0061435084367305465,0.0050897879160127606,29,0
amateur,10,0,habitual,ssg,0,0.9147011006264728,0.8566273164607576,-0.006116092175996574,0.0076840276792644385,29,0
amateur,10,0,habitual,ssg,1,0.9308645468104817,0.8498932678418991,-0.005462365223691601,0.007066071420268201,29,0
amateur,10,0,habitual,fsg,0,0.9432392282422595,0.8199206371059713,-0.00339943442002467,-0.009221065534833133,29,0
amateur,10,0,habitual,fsg,1,0.9336645421703207,0.7727123563444459,-0.008157714357809813,0.017622361329394376,24,0
amateur,10,0,habitual,slg,0,0.9204875531471172,0.7960109633123716,-0.005693303734349599,-0.006527686777139705,29,0
amateur,10,0,habitual,slg,1,0.9246596926334466,0.8590045218913842,-0.006121210187456149,0.009573297017407301,29,0
amateur,10,0,habitual,flg,0,0.9503493835592066,0.7640637818641329,-0.004999003832487408,0.0010599755122559793,29,0
amateur,10,0,habitual,flg,1,0.9565608764791744,0.8334874062318229,-0.00740223340067382,0.014753944086664798,26,0
amateur,10,0,default,ssw,0,0.9166053936449752,0.7965005128351592,-0.003940039691247234,0.017602479465574253,27,0
amateur,10,0,default,ssw,1,0.9407319184693035,0.8356724627348536,-0.007806439984684353,0.009825810488917851,29,0
amateur,10,0,default,fsw,0,0.8509766539682688,0.8025820424924589,0.006175506723842214,0.01078562055893283,25,0
amateur,10,0,default,fsw,1,0.9144004130659683,0.7926221934232158,-0.004894976095021944,0.01719312966954155,21,0
amateur,10,0,default,slw,0,0.9214223510779443,0.8679229702692354,-0.005416471905129564,0.002897857779964329,29,0
amateur,10,0,default,slw,1,0.9297779155728668,0.842129724270359,-0.004322927721896187,0.011773253967664321,29,0
amateur,10,0,default,flw,0,0.9479437460460893,0.8092216792724977,-0.003191714317845323,0.012851062479103585,28,0
amateur,10,0,default,flw,1,0.9182520580422557,0.8099087680705529,-0.005628163854367159,0.011631514227285358,28,0
amateur,10,0,default,svsw,0,0.9207006221288663,0.893556614590046,-0.0063854077179783635,0.012509795504564861,26,0
amateur,10,0,default,svsw,1,0.9411954725491005,0.8648386606282591,-0.007043605640118605,0.012029668235159285,29,0
amateur,10,0,default,ssg,0,0.9185447568489511,0.8080212237464034,-0.005596263570039469,0.01598478901816581,22,0
amateur,10,0,default,ssg,1,0.9437462505007344,0.8461265643246103,-0.00638147082399968,0.015213680172521782,28,0
amateur,10,0,default,fsg,0,0.9045700336671723,0.8438506426294563,0.00028776397637127454,0.007856420301904955,29,0
amateur,10,0,default,fsg,1,0.9415262356155514,0.8487993921736453,-0.004928993417379719,0.013256399363822013,29,0
amateur,10,0,default,slg,0,0.9479166352781608,0.8302391983241574,-0.0040580352712562984,0.007158676308211348,29,0
amateur,10,0,default,slg,1,0.9276967070989535,0.8523881532216394,-0.007151268038946742,0.013361603218999948,29,0
amateur,10,0,default,flg,0,0.9309687310597553,0.8047849237934663,-0.003795177737531437,0.016750133249522684,25,0
amateur,10,0,default,flg,1,0.9309046785932833,0.8471429506872715,-0.005082683611264179,0.01012136915336216,29,0
amateur,11,1,habitual,ssw,0,0.960363540204419,1.0263607475394343,-0.004521888812597857,0.033849790069737894,28,0
amateur,11,1,habitual,ssw,1,0.9286226919669591,0.992449924317772,-0.0018233531690172852,0.009188766894995563,28,0
amateur,11,1,habitual,fsw,0,0.9627280201598032,1.1141946165026457,-5.025392948329599e-05,0.03402397392186185,24,0
amateur,11,1,habitual,fsw,1,0.9556822366561621,1.0413418675106285,-0.0004481563617636545,0.025316061887409366,29,0
amateur,11,1,habitual,slw,0,0.9846636163370701,1.0705176911460537,-0.0030404450474730955,0.019993339272601374,29,0
amateur,11,1,habitual,slw,1,1.0071428945554648,1.0368178366605347,-0.0013938750584848343,0.02286501785488513,25,0
amateur,11,1,habitual,flw,0,0.9872065382363502,0.9484171644611339,-0.003430028076688214,0.0006061810217243275,29,0
amateur,11,1,habitual,flw,1,0.9905238956778379,0.9966324551860929,0.0004753953865885433,0.02319202189470881,23,0
amateur,11,1,habitual,svsw,0,0.9524671006996481,0.9848364831645111,-0.0019729947876515755,0.01200123723734174,29,0
amateur,11,1,habitual,svsw,1,0.9361804161952545,1.036635543965716,-0.0004800510716020017,0.018770511111077845,29,0
amateur,11,1,habitual,ssg,0,0.9435756415093124,1.040792092477677,-0.0034408923926298966,0.02222715021926498,28,0
amateur,11,1,habitual,ssg,1,0.9782815460019283,0.9991730132452193,-0.0066431741008265745,0.016869985662154696,29,0
amateur,11,1,habitual,fsg,0,0.9111554501568846,1.0775375724939458,0.0026356978400592663,0.033713474017845295,24,0
amateur,11,1,habitual,fsg,1,0.9578463781073174,0.9738568761881816,-0.000168857539012926,0.017465688999789127,18,0
amateur,11,1,habitual,slg,0,0.9739573702124792,0.9712351186786875,-0.0017303022256725375,0.02639142608510641,29,0
amateur,11,1,habitual,slg,1,0.9923348027431971,1.1812148261582582,0.00016621330915182232,0.02174111366209785,28,0
amateur,11,1,habitual,flg,0,0.9809658472026946,1.0981000744460234,-0.0003754628897022225,0.02349236432967731,29,0
amateur,11,1,habitual,flg,1,0.9328774603452861,0.9472468712053268,-0.00024135373085199842,0.016801793305109846,29,0
amateur,11,1,default,ssw,0,0.9944964467512069,0.9821276213109618,0.0012824422936881788,0.029287086998364898,29,0
amateur,11,1,default,ssw,1,0.9593348772285923,1.074801941813672,0.0006374596620698598,0.014457505626915296,29,0
amateur,11,1,default,fsw,0,1.0249268724643645,1.0895181177465094,-0.002353742789562666,0.026469417753490116,29,0
amateur,11,1,default,fsw,1,1.0281669222444367,1.0991620105416053,0.001490850850699694,0.028612269041233162,29,0
amateur,11,1,default,slw,0,0.9590007598159342,1.0103166073464727,0.0008679588635085705,0.019688282722330176,29,0
amateur,11,1,default,slw,1,0.9833639665317614,1.0445125960472408,0.003626160873675827,0.006473092689018022,29,0
amateur,11,1,default,flw,0,0.9914019387483362,1.0348778033602903,-0.00021396228457617496,0.023747778438578122,29,0
amateur,11,1,default,flw,1,0.9891794655555592,1.0808311049167827,0.002477249680811461,0.019185195816337534,26,0
amateur,11,1,default,svsw,0,0.969041540823222,1.0730113942930914,0.0018648036127157097,0.020314560250664967,28,0
amateur,11,1,default,svsw,1,0.9790222793239707,1.0849467845534804,0.0006451496717805273,0.015166319907559107,25,0
amateur,11,1,default,ssg,0,0.98361300439665,1.1477681766214083,-0.002831877633650868,0.029210503222888557,25,0
amateur,11,1,default,ssg,1,0.9674949149765231,1.0366992186896267,0.0038526119240124244,0.015809577410860403,29,0
amateur,11,1,default,fsg,0,1.0030563176312353,0.9992841420319358,0.0010329872144324579,0.026537070906307053,26,0
amateur,11,1,default,fsg,1,0.9790099296321454,1.104650288575387,0.001963439165110642,0.024644298329715503,25,0
amateur,11,1,default,slg,0,0.9670035737512653,1.0481876011926503,-0.0021129422889006886,0.0279593510262057,29,0
amateur,11,1,default,slg,1,0.9469237044956359,1.1001301820704883,0.0013590137008916685,0.014481823511223244,29,0
amateur,11,1,default,flg,0,0.9922295260140872,1.077346716767981,0.0012461607011951276,0.0341179173986936,29,0
amateur,11,1,default,flg,1,0.9460042675607606,1.084577021050902,0.003392521186219106,0.009640594678378444,29,0
amateur,12,2,habitual,ssw,0,0.9065315047612293,0.8837801145600691,0.0015452553513239462,0.01023785263306989,29,0
amateur,12,2,habitual,ssw,1,0.9117032148728429,0.8682327633858419,0.0027340191780685467,0.006498456330214394,29,0
amateur,12,2,habitual,fsw,0,0.9509011068522077,0.8757566835904497,0.0032921268792715365,0.008797908415434012,28,0
amateur,12,2,habitual,fsw,1,0.9212632191264707,0.8114316285518934,0.0047414477657336685,0.010143962657352956,28,0
amateur,12,2,habitual,slw,0,0.932848951915556,0.8888450191137711,0.006595057040500662,0.01071902089195435,29,0
amateur,12,2,habitual,slw,1,0.9273751835490013,0.8860413212311962,0.0007038794381853241,0.005916801339678808,29,0
amateur,12,2,habitual,flw,0,0.9302986823950172,0.8958961088709863,0.002315621603511663,0.010094612398015151,29,0
amateur,12,2,habitual,flw,1,0.9162914445793763,0.9541926546897693,0.008524114233603611,0.014704318131031274,29,0
amateur,12,2,habitual,svsw,0,0.9479902868034336,0.8988702347714351,0.002972945952618015,0.014561713303959969,26,0
amateur,12,2,habitual,svsw,1,0.9349289318378632,0.9157604589029477,0.005997196071162545,0.01717650024041581,29,0
amateur,12,2,habitual,ssg,0,0.9343872368726432,0.8869202884423578,0.002686283236456857,0.01567566994798239,29,0
amateur,12,2,habitual,ssg,1,0.9156967788834566,0.8433739434190431,0.0061416051869976705,0.007774181593158682,29,0
amateur,12,2,habitual,fsg,0,0.9532601764401631,0.9086997741436715,0.00693420777829206,0.017788280424018227,22,0
amateur,12,2,habitual,fsg,1,0.9200245260507602,0.810689971999025,0.0055893823461180174,0.005292613754489802,29,0
amateur,12,2,habitual,slg,0,0.9375206358532925,0.9209207374766616,0.0047645295348988604,0.010336309373231415,29,0
amateur,12,2,habitual,slg,1,0.9228165861597247,0.844399939489721,0.004585458620664639,0.012898985179384674,26,0
amateur,12,2,habitual,flg,0,0.9295009550634429,0.902064646987953,0.008061761337090483,0.0052190070769084496,26,0
amateur,12,2,habitual,flg,1,0.9304016139092416,0.9254883084037031,0.0017126846404454847,0.013261061179743553,29,0
amateur,12,2,default,ssw,0,0.850158677683311,0.7737283029277611,0.0065814406400529196,0.006929623524159005,29,0
amateur,12,2,default,ssw,1,0.9164044796862881,0.7957700966424692,0.006370329868240664,0.017472967758762628,29,0
amateur,12,2,default,fsw,0,0.910717437178352,1.1167562843467393,0.002107903226298392,-0.008957576836734451,18,0
amateur,12,2,default,fsw,1,0.955292252004299,0.7806860165017406,0.003995172549103101,0.014828478011586772,29,0
amateur,12,2,default,slw,0,0.9155324029816764,0.7874981640600562,0.002797010296765527,0.011110606061617945,29,0
amateur,12,2,default,slw,1,0.906968100035414,0.759274277267972,0.0038485713875241225,0.010023083370671421,26,0
amateur,12,2,default,flw,0,0.9251240074271934,0.8194295685445336,0.004039647510713607,0.00523111845972671,28,0
amateur,12,2,default,flw,1,0.9135591696775094,0.8735989071290762,0.007383997005904652,0.01764798130392748,28,0
amateur,12,2,default,svsw,0,0.9486874868335273,0.8649033905503803,0.0014002110120342696,0.013013529062607616,29,0
amateur,12,2,default,svsw,1,0.9073283003234934,0.8478513578841128,0.0022114628057810634,0.009645241500222942,29,0
amateur,12,2,default,ssg,0,0.944778696110175,0.833318916414087,0.0017581950037920705,0.011865798091768293,28,0
amateur,12,2,default,ssg,1,0.9115368228131179,0.8191127248425043,0.005319837271232116,0.013925097911440695,25,0
amateur,12,2,default,fsg,0,0.9142283108055934,0.8451236735964637,0.0026187896162210124,0.016072446390791546,29,0
amateur,12,2,default,fsg,1,0.900104413060122,0.7697919015637373,0.003181338728533793,0.005771047159299263,29,0
amateur,12,2,default,slg,0,0.8961859214939976,0.8058289822261987,0.003966476367302289,0.007097899897439412,28,0
amateur,12,2,default,slg,1,0.9121125700198847,0.8103135915902339,0.007915528113117496,0.006164855309636756,29,0
amateur,12,2,default,flg,0,0.9111332990990059,0.8336409600225281,0.006092067955518796,0.014812652095350213,28,0
amateur,12,2,default,flg,1,0.9082128728710823,0.7985530628009501,0.004677187759304742,0.004997087356830288,29,0
amateur,13,3,habitual,ssw,0,0.905653931254782,0.8306952104116859,-0.0015374747396336257,-0.01177658208826862,28,0
amateur,13,3,habitual,ssw,1,0.8937465777656033,0.727391561845836,0.0020735961402993976,-0.0014932327193582272,28,0
amateur,13,3,habitual,fsw,0,0.9002848111049465,0.7967188994193979,0.0001956229726692905,-0.0008839686165377034,25,0
amateur,13,3,habitual,fsw,1,0.8868076871598872,0.747867465239051,0.0040939519664819225,0.0008643025777880925,25,0
amateur,13,3,habitual,slw,0,0.904881216865108,0.7651862247103514,-0.0012121898280676715,-0.0036874188745624325,29,0
amateur,13,3,habitual,slw,1,0.9291460610499541,0.7640388875780547,-0.0016770774604445027,0.002964109712535565,29,0
amateur,13,3,habitual,flw,0,0.9061248976516962,0.7545091202659582,-0.0001570513520669078,-0.003970529489897764,28,0
amateur,13,3,habitual,flw,1,0.8961714809010748,0.7695123210202037,-0.0007505713921407012,0.003519630619259165,25,0
amateur,13,3,habitual,svsw,0,0.9247449961300473,0.7572192774824982,0.002556930063590997,-0.0007524153120566212,29,0
amateur,13,3,habitual,svsw,1,0.8854960815073779,0.7477438676649935,2.9158796502459956e-05,0.003459668079671756,25,0
amateur,13,3,habitual,ssg,0,0.9250031955196184,0.7549208445025463,-0.0009382502373884646,-0.0011657765341285126,29,0
amateur,13,3,habitual,ssg,1,0.8876238571615634,0.7759942866785852,0.00038447437455708337,0.00027211890890063185,25,0
amateur,13,3,habitual,fsg,0,0.9272442549062359,0.78571057205958,0.002167825781031551,-0.004582156300861489,29,0
amateur,13,3,habitual,fsg,1,0.8980791040995898,0.768730148590317,-0.0025861429653912735,0.0016208501043204694,29,0
amateur,13,3,habitual,slg,0,0.9187919950228576,0.8006867973290799,-0.0016431274898154992,-0.0066934716683868575,29,0
amateur,13,3,habitual,slg,1,0.9130692028931817,0.7493240410736335,0.0016014685701026933,0.003302520809925562,28,0
amateur,13,3,habitual,flg,0,0.9102639356061231,0.7898456431201519,-6.276898309545784e-05,-0.0007464330660307186,25,0
amateur,13,3,habitual,flg,1,0.9138228825049686,0.8114428832985212,0.0005238579458817141,-9.023908144532335e-05,25,0
amateur,13,3,default,ssw,0,0.9016398924013997,0.8025704715706263,0.0033687567182875515,-0.0001640162873338749,28,0
amateur,13,3,default,ssw,1,0.8996376022397906,0.7693902187066244,-0.005866503058534265,0.005296368390341564,29,0
amateur,13,3,default,fsw,0,0.8898853568445765,0.7797203900846982,0.002834130787455549,0.00427080109747691,28,0
amateur,13,3,default,fsw,1,0.8962854934697243,0.8049092025265037,-0.0012042115209601992,0.00856267339647732,28,0
amateur,13,3,default,slw,0,0.9056745115380975,0.7752172142618587,0.005485150205493996,0.00047604755062846844,28,0
amateur,13,3,default,slw,1,0.8947252755519947,0.7767637037756183,-0.006392408484688291,0.0013989685184452802,22,0
amateur,13,3,default,flw,0,0.9091950315611597,0.7622666176256134,0.0005298036314205622,0.004318296606375831,29,0
amateur,13,3,default,flw,1,0.9067589130205178,0.7740728289939073,0.004465040861344551,0.0030434235545543824,29,0
amateur,13,3,default,svsw,0,0.8927585765015218,0.8042409146827436,0.004878783389343088,0.0006706539433691287,28,0
amateur,13,3,default,svsw,1,0.8611278437467321,0.7921734298632617,-0.011385587987921063,-0.006545037657149437,27,0
amateur,13,3,default,ssg,0,0.9082546492904444,0.7708532974509904,0.0035058814028196463,0.000470246242771893,29,0
amateur,13,3,default,ssg,1,0.9116982598045028,0.8152144212176391,0.004115741129526389,-0.0014753024264440558,29,0
amateur,13,3,default,fsg,0,0.9026247015172285,0.7745326071916552,-0.0014301105321420926,0.0003650765193096632,29,0
amateur,13,3,default,fsg,1,0.9140050007684721,0.812147495896281,0.002674051068527749,0.0008972642472298425,29,0
amateur,13,3,default,slg,0,0.8994271130152237,0.7519501610751016,0.0032470670699427375,0.0026585441301309473,29,0
amateur,13,3,default,slg,1,0.8929695129038541,0.7759268155929567,-0.009223922281214407,0.009539825395341902,28,0
amateur,13,3,default,flg,0,0.8848274468771045,0.8139190778819212,0.0022434662892450337,0.0015773364555199602,28,0
amateur,13,3,default,flg,1,0.8997758563827933,0.7664265970085549,-0.004735154909767128,0.002440892313742322,25,0
amateur,14,4,habitual,ssw,0,0.8993602787651225,1.03933111258644,-0.00288715682940473,-0.015272654306012021,28,0
amateur,14,4,habitual,ssw,1,0.9013243757059162,0.9972347882947915,-0.0018661734051910895,-0.015463169276559309,29,0
amateur,14,4,habitual,fsw,0,0.9013785228031413,0.9766357121744993,-0.0009352127785433378,-0.011748482378793652,29,0
amateur,14,4,habitual,fsw,1,0.8998142939886934,0.9669324629827976,0.0004863985930082934,-0.019060780856814542,29,0
amateur,14,4,habitual,slw,0,0.9028234971261074,1.0129829159972177,0.0007367719974562675,-0.009324903967200622,29,0
amateur,14,4,habitual,slw,1,0.8986465273129882,0.9743556551015731,0.0010786037332300175,-0.02126021706064721,29,0
amateur,14,4,habitual,flw,0,0.9041839964188152,0.9794503926861442,-0.000404222816105965,-0.01641185219985087,29,0
amateur,14,4,habitual,flw,1,0.9123887436998195,0.9709934434100661,0.0005484818694815171,-0.016760236870073154,29,0
amateur,14,4,habitual,svsw,0,0.9147584155419466,0.9907917225850358,-0.004166681470665061,-0.014116870881514598,29,0
amateur,14,4,habitual,svsw,1,0.8926876819376613,0.9742967145593218,-0.0018834929379268313,-0.009387319660652439,29,0
amateur,14,4,habitual,ssg,0,0.8942439163729788,1.0080795400205695,-0.00019479423150393308,-0.011848942413398537,29,0
amateur,14,4,habitual,ssg,1,0.9284806268791331,1.059431754759276,-0.0010268677561516854,-0.016331204043518295,26,0
amateur,14,4,habitual,fsg,0,0.9055741664078131,0.9621021600185027,-0.0011699142234883738,-0.009827896976046477,29,0
amateur,14,4,habitual,fsg,1,0.8973832585252854,0.9994792026719117,-0.0001906546571837104,-0.016090395714194607,29,0
amateur,14,4,habitual,slg,0,0.9007500479470649,0.9891203084063177,0.00021296848266251413,-0.016819616135152086,29,0
amateur,14,4,habitual,slg,1,0.9065878771644402,1.0031778402531746,-0.0025608067488672817,-0.017854770732916303,29,0
amateur,14,4,habitual,flg,0,0.8958101906534336,0.9858842246192904,-0.00011227113992316306,-0.010592316282577646,29,0
amateur,14,4,habitual,flg,1,0.9018617509695571,0.9810997562107843,-0.0019271679593010306,-0.01177073837177339,29,0
amateur,14,4,default,ssw,0,0.906962247011043,0.8830320485398616,0.001817901476963181,-0.00045059147325598623,29,0
amateur,14,4,default,ssw,1,0.926336819364726,1.0085919265820558,-0.0021006025800652988,-0.009026616755160841,29,0
amateur,14,4,default,fsw,0,0.9377903474328895,0.887151575006062,0.0025500150698480354,-0.00011963342135414088,29,0
amateur,14,4,default,fsw,1,0.8944863571544669,0.9566102570215133,-0.0033279047578746754,-0.00055778655772742,29,0
amateur,14,4,default,slw,0,0.9129498626155311,0.8823542999085491,-3.066980541200758e-05,-0.0009369787004318672,29,0
amateur,14,4,default,slw,1,0.9039952853608508,0.9716415212274364,-0.0021077592204721187,-0.013186544742696395,29,0
amateur,14,4,default,flw,0,0.8976590696442971,0.9166117900763744,-0.0006369859623204183,-0.0035066787474498044,29,0
amateur,14,4,default,flw,1,0.9123371037144365,0.8979606937510494,0.000943018043403198,-0.003897097808811952,29,0
amateur,14,4,default,svsw,0,0.9084469603142821,0.9349821773101443,-0.0015475190748041427,-0.002306547752518649,29,0
amateur,14,4,default,svsw,1,0.8980580006678565,0.9240876476155128,-0.0017398994856591887,-0.012353384882524968,29,0
amateur,14,4,default,ssg,0,0.9315949864124424,0.8802675653712898,-0.0005894354953730856,0.009678238667890878,23,0
amateur,14,4,default,ssg,1,0.9219434094344086,0.9196185402306896,-0.0029846472233494617,-0.007343508893521693,29,0
amateur,14,4,default,fsg,0,0.9291961899742489,0.9044126850850388,-0.0006442524330613165,-0.0009712911650127283,29,0
amateur,14,4,default,fsg,1,0.905354411402509,0.9383113341270877,-0.0004793618665027144,-0.009011306139308933,29,0
amateur,14,4,default,slg,0,0.8839010200342818,0.9102993243633243,-0.0034841825122081606,0.012930586398370808,29,0
amateur,14,4,default,slg,1,0.8848199857662029,0.9396621154717568,-0.003606850349280348,-0.004487565653208146,29,0
amateur,14,4,default,flg,0,0.9412348083862663,0.8288940013641335,0.0028159084167862823,0.007372018364099398,29,0
amateur,14,4,default,flg,1,0.9072538384391691,0.9774027639575926,-0.004658004782436681,-0.001682119300958752,29,0
amateur,15,5,habitual,ssw,0,0.9571246483346864,0.962196612445027,0.003165769926581855,0.0012658975068533984,29,0
amateur,15,5,habitual,ssw,1,0.898292896700639,0.9281132523480043,-0.0003575211145912518,0.00969510164498931,29,0
amateur,15,5,habitual,fsw,0,0.9443462378995073,1.01876982296837,0.0024890688137837666,0.00265132008336492,29,0
amateur,15,5,habitual,fsw,1,0.9849328367759084,1.0486111661839037,-0.001600357795528906,0.0013673664214016272,29,0
amateur,15,5,habitual,slw,0,0.9566077235875062,0.9652074535852376,0.002783968178289504,0.001198020249864888,29,0
amateur,15,5,habitual,slw,1,0.9670109435887613,0.9267601619431916,-0.0025775611878462107,0.004387842133896792,29,0
amateur,15,5,habitual,flw,0,0.9621991622934848,0.9797213773012947,0.0028726695924342393,-0.00266789344097857,29,0
amateur,15,5,habitual,flw,1,0.9504259296398888,0.9780532443844103,0.00019083133375923968,0.00120693411124619,29,0
amateur,15,5,habitual,svsw,0,0.944568220861267,0.8605151578992538,-0.000776600701123844,0.0059537570372825265,28,0
amateur,15,5,habitual,svsw,1,0.9533550055027187,0.9336340019928822,-0.002908213342953456,0.006931127666522392,29,0
amateur,15,5,habitual,ssg,0,0.9616842911815362,0.9508263406931892,0.0019996853976949015,-0.0008958067033248943,29,0
amateur,15,5,habitual,ssg,1,0.9402651894033954,0.9828627175141317,-0.0019496871504509619,0.005502303219008735,29,0
amateur,15,5,habitual,fsg,0,0.942711892263181,0.9890280202279319,0.005581264739467667,0.004449201914548544,29,0
amateur,15,5,habitual,fsg,1,0.9512440838107968,0.9858467166678329,0.0026212694478426786,0.002252248286056537,29,0
amateur,15,5,habitual,slg,0,0.965383688217881,0.9511497383947968,0.004105070257585025,-0.0024684753415384207,29,0
amateur,15,5,habitual,slg,1,0.9512869970102653,0.9435156151789775,-0.0015984710772287926,0.005525421280945094,29,0
amateur,15,5,habitual,flg,0,0.9440005840238557,0.9550552312074632,0.004296326457022359,0.0003750871533167166,29,0
amateur,15,5,habitual,flg,1,0.970190717841538,0.9449309523693555,0.004787481863408329,0.003867192369489149,29,0
amateur,15,5,default,ssw,0,0.9886641031225234,1.0066357387604958,-0.0025610822131500303,0.0060527289580018405,29,0
amateur,15,5,default,ssw,1,0.9701778183454758,0.958582692615633,0.0011456086891188906,0.0011376319249415006,29,0
amateur,15,5,default,fsw,0,0.9766086500308605,0.9662592115808126,0.0004575749724358563,-0.000832858611476479,29,0
amateur,15,5,default,fsw,1,0.9637101822128904,0.9522350943452245,-0.002932444878031787,0.01145573618813426,26,0
amateur,15,5,default,slw,0,0.9531933405610915,0.9663758618228332,0.0008985993184512818,-0.00041385550423002045,29,0
amateur,15,5,default,slw,1,0.9634677406895752,0.9606088933366526,-0.0005125956672174239,0.008284552479796474,29,0
amateur,15,5,default,flw,0,0.9452174365632373,0.975253968929349,0.003159601506804266,-0.0017495108524569988,29,0
amateur,15,5,default,flw,1,0.989926960470592,0.8393178253678691,-0.0005822181374179241,0.008262005578686712,29,0
amateur,15,5,default,svsw,0,0.9515210062551245,0.9771270742579141,0.0033468123847673107,-0.0040439804620539845,28,0
amateur,15,5,default,svsw,1,0.9615472736923723,0.9996445375525214,-0.0019405470658889427,0.007459614282938876,29,0
amateur,15,5,default,ssg,0,0.957833412793425,0.9990470513877012,-0.0012273499571563568,0.0010254945471474845,29,0
amateur,15,5,default,ssg,1,0.9530180968944871,0.8948931025325126,0.0006811387903948246,0.0023418861897744957,29,0
amateur,15,5,default,fsg,0,0.9399329610123577,0.9508951671574872,-0.0005642906174404567,0.0004786744248617431,29,0
amateur,15,5,default,fsg,1,0.9760032959199063,0.8379033757932187,-0.0024587304812117004,0.008053501459025926,29,0
amateur,15,5,default,slg,0,0.9454877634404659,0.939420786632052,0.001005196136647183,-0.0005080209504519872,29,0
amateur,15,5,default,slg,1,0.9566923419356415,0.9360279367385627,0.0003091272814990942,0.007662252519308034,29,0
amateur,15,5,default,flg,0,0.9528286285917746,0.891571332742689,0.0016092391317026299,-0.0013916174543889218,26,0
amateur,15,5,default,flg,1,0.9626896451855921,0.9505837979896048,-0.00027427752323462475,0.009822597585997517,29,0
amateur,16,6,habitual,ssw,0,0.9271260270885295,0.964764110763623,-0.005988498543433431,-0.005562815271065733,29,0
amateur,16,6,habitual,ssw,1,0.9513735476129179,0.9030136245894869,-0.005033385963116512,-0.010252027558466468,29,0
amateur,16,6,habitual,fsw,0,0.929195570321847,0.9753379676992793,-0.005526985554464401,-0.014524853049658532,29,0
amateur,16,6,habitual,fsw,1,0.9377076804749903,0.9826531765087348,-0.0053177532086696,-0.01782584137652154,29,0
amateur,16,6,habitual,slw,0,0.9452925911277146,0.900864513503252,-0.007100854531965843,0.006242039486859627,25,0
amateur,16,6,habitual,slw,1,0.9768724820631032,0.9556723529206782,-0.003500002621980561,-0.0003822069579247447,29,0
amateur,16,6,habitual,flw,0,0.9721755903876562,1.0031368433411685,-0.006228130275527981,-0.017919553990209853,29,0
amateur,16,6,habitual,flw,1,0.9847513307021518,0.9432586847760951,-0.004834885763759002,-0.003070653001859057,29,0
amateur,16,6,habitual,svsw,0,0.9829540302381296,1.0619063059631146,-0.005441997147399551,-0.006760789495525675,29,0
amateur,16,6,habitual,svsw,1,0.976965622959562,1.0242655330596315,-0.0028452662310535586,-0.0072620793547814415,28,0
amateur,16,6,habitual,ssg,0,0.9090306265259263,0.9127752730274427,-0.00201807967652517,-0.013675123190525322,28,0
amateur,16,6,habitual,ssg,1,0.9133272978187913,0.8892262368277728,-0.004813150080325293,-0.013226258977272332,29,0
amateur,16,6,habitual,fsg,0,0.9661907262506537,0.9070227286739719,-0.007307122936383656,-0.011954262950147863,29,0
amateur,16,6,habitual,fsg,1,0.9517528283293282,0.8594662851187336,-0.0038212903848225,-0.011563983911881258,29,0
amateur,16,6,habitual,slg,0,0.9281836354810289,0.9976036693250312,-0.0018381489143228474,0.003059051851128806,28,0
amateur,16,6,habitual,slg,1,0.953393549507792,0.9545627720461711,-0.00468863116332075,-0.0018559602692944342,28,0
amateur,16,6,habitual,flg,0,0.9313913799899599,0.9664713094398655,-0.001762105193467512,-0.004158542398449892,29,0
amateur,16,6,habitual,flg,1,0.9718390970308095,0.9202199093334177,-0.003987481158660919,-0.010078185054119981,29,0
amateur,16,6,default,ssw,0,0.9315387531950996,0.9200873641634293,-0.0002543103735854861,-0.005581975387553052,29,0
amateur,16,6,default,ssw,1,0.950014718389576,0.9259832258731666,-0.005618300467773561,-0.010796952069605186,29,0
amateur,16,6,default,fsw,0,0.9715176989706784,1.0094337768494994,-0.006228590219286758,-0.016599984810910292,29,0
amateur,16,6,default,fsw,1,0.9607822697115873,0.8780551675357016,-0.00692004888140038,-0.006585545475522688,29,0
amateur,16,6,default,slw,0,0.9472147614290515,0.8876424482871261,-0.0061060257668352,-0.008892499315533788,29,0
amateur,16,6,default,slw,1,0.9450118264536251,1.0001624654862271,-0.0065392110816466335,-0.0043016232396453895,29,0
amateur,16,6,default,flw,0,0.9446649167550145,0.9169138901655276,-0.004540294436362937,-0.005590509006615981,29,0
amateur,16,6,default,flw,1,0.9478814381880742,0.9736235974629449,-0.008425265723771681,-0.008566742966587262,29,0
amateur,16,6,default,svsw,0,0.9489642096181952,0.899822315060576,-0.003828993110022596,-0.010079737834831962,29,0
amateur,16,6,default,svsw,1,0.9364571017675307,0.9554493266217219,-0.0027499418699553947,-0.0034628721667762544,26,0
amateur,16,6,default,ssg,0,0.9388097259512087,0.9101647884052854,-0.007555202940412621,-0.0038192262686296457,29,0
amateur,16,6,default,ssg,1,0.9980820639089436,0.9317981501886025,-0.00539577639295904,0.002648868474677527,19,0
amateur,16,6,default,fsg,0,0.9225436269294813,0.9377263310592178,-0.004423159600456344,-0.0024707638769721676,29,0
amateur,16,6,default,fsg,1,0.9862841021443853,0.9079788709229553,-0.006173277526092027,-0.0021322460666159423,26,0
amateur,16,6,default,slg,0,0.9506675187255165,0.9654509079403145,-0.004786924573978592,-0.005410408705081656,29,0
amateur,16,6,default,slg,1,0.9298306675561211,0.9503698767270979,-0.007214936866452939,-0.009995775294190318,29,0
amateur,16,6,default,flg,0,0.9728062790755998,1.104029019075132,-0.008905273680743994,-0.010607300133427961,28,0
amateur,16,6,default,flg,1,0.9519955503725825,0.919993098797798,-0.005546085767206598,0.0004781691497942114,25,0
amateur,17,7,habitual,ssw,0,0.9525272350302785,0.9173465964583634,1.4884525179290412e-05,-0.003823657376150995,25,0
amateur,17,7,habitual,ssw,1,0.966457016270641,0.9349825871748003,-0.00024626404890842803,0.0023758569042317103,26,0
amateur,17,7,habitual,fsw,0,0.8936417930976333,0.9993274777400778,0.0064929652074884265,0.007063736428005903,28,0
amateur,17,7,habitual,fsw,1,0.9530078605647258,0.9287124062278876,-0.0025464028403685756,0.005746555943406486,29,0
amateur,17,7,habitual,slw,0,0.9246395284711045,0.9004983165681733,0.005264876564754567,-0.003887611371601076,29,0
amateur,17,7,habitual,slw,1,0.9783600839816211,0.8344752683561292,-0.0001267964855429949,0.000344100928447806,29,0
amateur,17,7,habitual,flw,0,0.9607590210636237,0.8824328760195479,-0.0006374635273810854,0.003902756763731665,29,0
amateur,17,7,habitual,flw,1,0.9699438535879621,0.9690039685453511,-0.0036385801592620968,0.0018553386618042349,28,0
amateur,17,7,habitual,svsw,0,0.9591698855506497,0.8779137420906391,0.0035087316284943253,-0.0017752697617816394,29,0
amateur,17,7,habitual,svsw,1,0.9660785809142586,0.9079048848496919,-0.002065931271473799,0.0050379740042476966,29,0
amateur,17,7,habitual,ssg,0,0.9424631952341874,0.9463759701637358,-0.001512390103859668,0.00483262012347575,29,0
amateur,17,7,habitual,ssg,1,0.9377329789557957,0.9208677432203529,-0.00556426882425377,0.0031275173631263075,29,0
amateur,17,7,habitual,fsg,0,0.9624031368253663,0.9433350169161366,-0.0038607944628032994,-0.0009615331855056765,28,0
amateur,17,7,habitual,fsg,1,0.9742198782155004,0.9957390084859528,-0.0004754638965392905,0.006607123012963913,25,0
amateur,17,7,habitual,slg,0,0.9647963102871351,1.057300582271985,-0.0037107264348007533,0.011909928898427126,28,0
amateur,17,7,habitual,slg,1,0.9776234183564163,0.9313717943545586,0.00073646279171304,0.004872792262186133,29,0
amateur,17,7,habitual,flg,0,0.9572293930813964,0.9489042544723485,-0.004314261396040499,0.005568715059050539,26,0
amateur,17,7,habitual,flg,1,0.9435809054905843,0.8942486112924475,-0.000801408233469198,0.003856617364751283,29,0
amateur,17,7,default,ssw,0,0.9420994581745091,0.9700339892030264,0.002082013936462529,0.0039557132896576004,29,0
amateur,17,7,default,ssw,1,0.9548073807524982,0.9323848740995861,0.0022291881251648394,0.010721392037293602,28,0
amateur,17,7,default,fsw,0,0.9369763076162894,0.8655905358422311,0.0013728930767039791,0.00598658575174167,29,0
amateur,17,7,default,fsw,1,0.9618511016140199,0.9092102639791797,0.002648942626655568,0.011807849697222752,29,0
amateur,17,7,default,slw,0,0.9546958081851172,0.9070236676316771,-4.6765261304052876e-05,0.004369868976607157,29,0
amateur,17,7,default,slw,1,0.9489874587251503,0.9035907041408499,-0.0029094954359601857,0.009894681860561388,29,0
amateur,17,7,default,flw,0,0.950908099823319,0.9484737992463333,0.0001504351400849124,0.010810979343779234,29,0
amateur,17,7,default,flw,1,0.9489541127839763,0.953813072787877,0.00020483194362306417,0.009347160916970805,29,0
amateur,17,7,default,svsw,0,0.9549761021318697,0.8531429777340134,0.001327902685743695,0.007994650967892867,29,0
amateur,17,7,default,svsw,1,0.9502049436112864,0.9539750792647467,-0.0019505719494491633,0.009680263675941637,29,0
amateur,17,7,default,ssg,0,0.9740585586910859,0.8882598218327548,-0.0016263739778465567,0.004871790634797251,29,0
amateur,17,7,default,ssg,1,0.958199602337915,0.8975097906492339,0.0018412055842487443,0.01025553431038654,28,0
amateur,17,7,default,fsg,0,0.9656762696990575,1.0047891549187435,-0.0034717681138632726,0.01002056641676731,29,0
amateur,17,7,default,fsg,1,0.995617165214998,0.9844160141585381,-0.0006874404411662096,0.013452009689820797,29,0
amateur,17,7,default,slg,0,0.956649411249472,0.9206051555978774,-0.0013702633131555796,0.008498592794716231,29,0
amateur,17,7,default,slg,1,0.9693108091308099,0.9176264245963243,0.0009694540703301,0.011500990106881943,29,0
amateur,17,7,default,flg,0,0.974539433410702,0.9055077529662209,-0.0031777719725868295,0.0076025303567388205,29,0
amateur,17,7,default,flg,1,0.9733604065392618,0.8832276679404735,0.0023861999969145183,0.014416912581237675,29,0
amateur,18,8,habitual,ssw,0,0.901822206691861,0.9453201975380084,-0.006989783105668994,0.0021640955834197236,29,0
amateur,18,8,habitual,ssw,1,0.8851108388188977,0.8160796472551424,-0.007287174941540133,0.008434545519001444,25,0
amateur,18,8,habitual,fsw,0,0.9047551015305861,1.0890859957009176,-0.0009859690926834388,-0.01253878748385035,29,0
amateur,18,8,habitual,fsw,1,0.8890380258775217,0.7742576135027441,-0.004442079678073695,0.00016111388389831354,29,0
amateur,18,8,habitual,slw,0,0.868425035630634,0.8984983168474747,-0.006284536993372557,-0.00755643444130096,29,0
amateur,18,8,habitual,slw,1,0.9083986991541878,0.8599322319473607,-0.004056106830699921,0.0008624758911474732,29,0
amateur,18,8,habitual,flw,0,0.8896686367614086,1.0231439737089216,-0.002311632012416756,-0.015790343413612015,29,0
amateur,18,8,habitual,flw,1,0.883009437318921,0.9629665024443416,-0.004629814474976494,-0.0016510889506855977,29,0
amateur,18,8,habitual,svsw,0,0.9113055218868201,0.8495795536495258,-0.006165464429743439,0.00038223001372376594,29,0
amateur,18,8,habitual,svsw,1,0.9024446271626536,0.8369509567209015,-0.003790519296601604,0.0021153347455871783,26,0
amateur,18,8,habitual,ssg,0,0.8979202393593311,1.051149768187987,-0.003369289754615207,-0.013856863220107487,29,0
amateur,18,8,habitual,ssg,1,0.8943733067121964,0.8556680409482785,-0.003165559667783054,0.0029555012751174793,29,0
amateur,18,8,habitual,fsg,0,0.9273881254688903,1.1090285592378213,-0.002457789642009197,-0.013476413182536714,26,0
amateur,18,8,habitual,fsg,1,0.8991109290327282,1.0054851905081486,-0.004484781205835318,-0.006026160804034478,29,0
amateur,18,8,habitual,slg,0,0.9166689109034056,0.8493939923612515,-0.0074686977027269875,-0.00369039697123475,26,0
amateur,18,8,habitual,slg,1,0.843032936026789,0.8791863848826686,-0.006563039278185163,0.005423164695459936,29,0
amateur,18,8,habitual,flg,0,0.8671149103076521,0.963673257283873,-0.002624724280100223,-0.010514692470323127,29,0
amateur,18,8,habitual,flg,1,0.8781537933310206,1.006654090322097,-0.005741924306317035,-0.011999759080329558,29,0
amateur,18,8,default,ssw,0,0.9154573472340433,0.9256370615053753,0.0005751172872599519,0.0013594237719194973,29,0
amateur,18,8,default,ssw,1,0.9066000028024026,0.8024206498931046,0.002139107240047641,0.007246398181379244,29,0
amateur,18,8,default,fsw,0,0.9130814832189762,0.8110492405079925,0.0003329022454919908,0.00244787784319201,28,0
amateur,18,8,default,fsw,1,0.902676610364241,0.9635269788572356,0.0012343256132785639,-0.012409951173916618,29,0
amateur,18,8,default,slw,0,0.898322399337397,0.7893931515617658,-0.002292032648110691,0.002328730754899761,29,0
amateur,18,8,default,slw,1,0.9150984193328354,1.1749313079243524,0.00046026059245033325,0.00797084739901971,29,0
amateur,18,8,default,flw,0,0.9007442672725602,0.8738608643263519,-0.003249835298278501,0.001208355519823341,29,0
amateur,18,8,default,flw,1,0.9057019780656149,1.1021338000539198,-0.0003816036740650671,-0.00726800311053674,29,0
amateur,18,8,default,svsw,0,0.9131874803429374,0.9494798796482204,-0.0002769210132582264,-4.109732574687254e-05,29,0
amateur,18,8,default,svsw,1,0.8637915327009252,0.8530660035616955,-0.0014118720010477294,0.001235142401613083,28,0
amateur,18,8,default,ssg,0,0.921534027463797,0.8522136810910492,-0.0015212509851425032,0.0038192961467464802,29,0
amateur,18,8,default,ssg,1,0.9188992270632153,0.8220252791216662,-0.0021013717489201805,0.0017410149886913054,28,0
amateur,18,8,default,fsg,0,0.9196773770443847,0.8041933877743561,-0.001200642713254492,0.0010030278555210465,29,0
amateur,18,8,default,fsg,1,0.9208406447201319,0.9031839840274486,0.0008770162237403262,-0.002196262947167034,29,0
amateur,18,8,default,slg,0,0.9042589945279127,0.8371008478468135,-0.003442649305451249,0.0020508453565567563,29,0
amateur,18,8,default,slg,1,0.8954575865938253,1.0520907360218625,-0.0021175805344494946,-0.014145972734963956,26,0
amateur,18,8,default,flg,0,0.9004849746948376,0.8313300525865502,0.0010547018132987182,0.0014971420764828608,29,0
amateur,18,8,default,flg,1,0.8927811971196239,0.8740439997818004,-0.0009797720255739877,-0.0013830185810917621,29,0
amateur,19,9,habitual,ssw,0,0.9130127502773872,0.9618541147948629,0.00023526343324428278,0.00046278963036250776,29,0
amateur,19,9,habitual,ssw,1,0.9543487965777984,0.9455264732683998,0.0036645784430509405,1.7109810349219545e-06,29,0
amateur,19,9,habitual,fsw,0,0.9323533065965192,0.8529627226248099,0.0015491338114808186,2.3254502587846237e-05,29,0
amateur,19,9,habitual,fsw,1,0.920220546963275,0.9070504171948512,0.00035127468091337554,-0.0010365904005351701,29,0
amateur,19,9,habitual,slw,0,0.9196632435297954,0.9537819634397584,0.0005271988096295045,-0.006762038456951247,29,0
amateur,19,9,habitual,slw,1,0.9066824101277278,0.8948554614669063,0.004907112162243608,-0.0018241121140200565,29,0
amateur,19,9,habitual,flw,0,0.9129653395858545,0.8712350621628426,0.00018569710499689428,-0.0015200449141814115,29,0
amateur,19,9,habitual,flw,1,0.9247777993340973,0.8948694264748818,0.005471303253338812,0.00018373886432245922,29,0
amateur,19,9,habitual,svsw,0,0.9146604822994716,0.9077860067860167,0.0028681794198737844,-0.0018098193213149576,29,0
amateur,19,9,habitual,svsw,1,0.9057302198790831,0.9222850053076727,-0.0014113880637625677,-0.008312614723517492,29,0
amateur,19,9,habitual,ssg,0,0.9023074503517796,0.940660543913512,0.0014064955574087934,0.0035034416320811807,29,0
amateur,19,9,habitual,ssg,1,0.9346253278439651,0.8805757722056068,0.0005781732166696791,0.00024815782462208735,26,0
amateur,19,9,habitual,fsg,0,0.9143618382122588,0.8678634639599522,-0.0017073492345243309,0.0024293900191700276,29,0
amateur,19,9,habitual,fsg,1,0.8956715958444434,0.9550459194337411,0.004300670203288039,0.0026998736656827886,29,0
amateur,19,9,habitual,slg,0,0.9210372500862845,0.9336455542327674,0.004295468145302405,0.00205723523414589,29,0
amateur,19,9,habitual,slg,1,0.9121737991629796,0.9940367380940012,0.0011998010791979758,-8.038244840138193e-05,29,0
amateur,19,9,habitual,flg,0,0.9139252976356275,0.9510320855335893,0.0034269556891609407,0.0029478724432085873,29,0
amateur,19,9,habitual,flg,1,0.918044750587478,0.9303268777001229,0.0035832454077759698,0.0005634379846191262,29,0
amateur,19,9,default,ssw,0,0.9446251059227406,0.9560911089040229,0.000454755192872555,-0.004831310450355991,29,0
amateur,19,9,default,ssw,1,0.9361322116336361,0.9964727472051202,0.00275014581031027,-0.005962550820624357,29,0
amateur,19,9,default,fsw,0,0.9058866367729844,0.9816085231234932,-0.0010701195505766628,-0.015004197235323475,29,0
amateur,19,9,default,fsw,1,0.92745802183152,0.8461291915384734,-0.0006880282555103241,0.0026666413718822073,29,0
amateur,19,9,default,slw,0,0.9032747895456171,0.9324359662942441,0.0014537794844012193,-0.01064236344380758,29,0
amateur,19,9,default,slw,1,0.929428682836813,0.9335990789198474,0.005959468092131088,-0.007109279599576995,29,0
amateur,19,9,default,flw,0,0.905006653646807,0.9186157502125,-0.0009467464020647852,-0.01211251765348286,29,0
amateur,19,9,default,flw,1,0.9183687588455777,0.9626469425453775,0.000479580701702482,-0.009373385239382023,29,0
amateur,19,9,default,svsw,0,0.9053912088341751,0.9923143901061763,0.0002160217400911475,-0.008841805913810313,29,0
amateur,19,9,default,svsw,1,0.9109598212108765,1.0919710386873498,0.004279644712971803,-0.009591079372838193,29,0
amateur,19,9,default,ssg,0,0.8999207832758672,1.0399961639082782,0.0006543951918409419,-0.005778505532063691,29,0
amateur,19,9,default,ssg,1,0.9290652758642273,0.9403931924720993,-0.0013130835511248112,-0.010383573916844682,29,0
amateur,19,9,default,fsg,0,0.9135712350872991,0.9831600451182707,-0.000476231081049841,-0.003213941672704999,29,0
amateur,19,9,default,fsg,1,0.9057038111088325,0.9729528458602328,0.0013455849475067028,-0.003143911459453384,29,0
amateur,19,9,default,slg,0,0.9234605473513572,1.0271311516240609,4.492161981701267e-05,-0.012891051446969655,29,0
amateur,19,9,default,slg,1,0.9185724674379925,0.9353611482722207,0.0016593511976060642,-0.002121830040198132,29,0
amateur,19,9,default,flg,0,0.9305973560429931,0.9885089809331595,0.0028139854000375636,-0.007242867129249793,29,0
amateur,19,9,default,flg,1,0.8987055357138449,0.9375263092254136,0.001973482179537231,-0.004424082230938029,29,0
